time,dir,packet,len
2.505855000,tx,f01700050001000000010005490100000000000000000000000157,27
2.518895000,rx,f016000500010000000100054901000000000000000000000056,26
