time,dir,packet,len
4.431139000,tx,f01700050001000000010005490100000000000000000000000157,27
4.460876000,rx,f016000500010000000100054901000000000000000000000056,26
